robot_id,packet_size,interval,is_botnet
70,505.15967976365994,0.21736935378926317,0
95,434.276412563634,1.5424363405206092,0
97,475.22478819816484,0.33380647885116044,0
35,494.56115998743746,1.1588129482237686,0
55,512.0481768559404,1.0257729669898,0
75,467.0960962152715,0.5598478493842032,0
16,461.14449978278043,0.3339269846874565,0
42,457.8065085673997,0.7919039596995964,0
17,522.3065576873402,1.4377552860177514,0
43,536.5196405208601,1.4909189548662736,0
3,495.68171791181635,0.4951262955719405,0
86,477.2555245769635,0.10076043874207805,0
93,520.6532196199148,0.6217055621706463,0
42,490.0415754744926,0.30657961812294454,0
30,389.5953926652092,0.7920532200358995,0
2,1184.6178741029426,0.059230006351787726,1
98,535.3849271786196,0.23067591327235124,0
64,454.19102614274976,1.3763530667877304,0
85,460.9193756085692,0.6523316983999912,0
94,1106.6939446050428,0.11998501494663082,1
97,388.38306186192176,2.8945914313248835,0
88,526.6391650816188,1.2579546064897091,0
86,545.9147543856186,1.1008435794264424,0
43,509.4516601482516,2.568967577428648,0
75,1218.637068517778,0.0030225549176642772,1
78,488.53652450108757,2.5868920839230727,0
78,529.548545648084,1.1277634189255707,0
66,591.6997012115135,0.39292991138921085,0
12,545.4804021751899,2.0958343837438282,0
83,401.28669879033083,0.006822777788087102,0
39,1248.5656521290264,0.17632340413023678,1
67,614.5727741953136,0.18964283147810249,0
28,555.2313757011348,0.22951435115103544,0
42,450.4797019870041,1.97067572603681,0
19,542.7439056174406,0.5051793348872344,0
6,430.5019268323234,1.2443062229517707,0
42,1205.5280138978344,0.07841635316305608,1
95,515.7479364125925,1.556608713598516,0
87,421.9788289967619,0.25072719314184566,0
16,416.54497474607126,0.7729119735987224,0
85,506.83950006499714,0.313685953440153,0
47,460.9934307819772,0.46600976665149796,0
54,524.9006805043216,0.23298863390283253,0
99,548.3250422037731,1.3220112514274538,0
46,1199.7800453139128,0.2034719321012376,1
21,538.5827184929659,4.340762616270498,0
83,484.0792746465875,1.6562785095786423,0
66,531.2851094106348,0.5745115741656243,0
63,551.6023399405685,1.0290619199153919,0
99,535.0791325610755,0.8084042105253416,0
83,435.050933908984,1.1134877185067737,0
65,395.47985195170634,0.8983862627096814,0
41,463.1071526631239,0.41100080282216506,0
44,527.4694854066471,2.3257160020314456,0
6,482.26809348086925,0.8437184072928139,0
41,1140.071571203115,0.07581700399327941,1
82,531.8876023210563,1.663194587050633,0
36,429.8997461668869,1.3681314307844694,0
75,525.0929954608891,1.1890879025522074,0
21,464.0399614383916,0.9276807501116406,0
80,576.9472119213428,0.6012148570617994,0
70,487.9515516637974,0.40714349442136105,0
66,467.7048171079599,1.4000767673929697,0
8,454.5585121706923,0.11928120706936934,0
40,599.562953041816,0.05903980444920391,0
81,508.4639529162026,0.021182213189325082,0
12,490.02224218150667,2.3676409889398364,0
27,537.8223009263721,0.11997427491292385,0
11,449.3875754628723,0.8912519741690816,0
16,476.9613861546844,1.8198858422466893,0
65,573.5911608957772,0.036816047255855675,0
80,530.6919217764898,0.03588737203462382,0
10,413.15233138455585,1.2013283178293221,0
96,595.5533437711688,0.4488649640890923,0
24,482.2909060134997,0.12647645737966307,0
83,501.71688294794325,0.09329507179293514,0
65,450.4252437308621,0.3278938114992048,0
51,455.2933116875157,1.3236247717659306,0
40,582.7586482464645,1.4975920047267721,0
87,1130.4559303454582,0.04640587814376706,1
92,474.9059417935738,0.5248413044049187,0
13,486.36273667822667,1.6686622679624967,0
78,406.7238329697652,1.0897640100858739,0
2,480.93626326914756,0.22601993963931,0
25,500.6196701433164,0.29580694788774425,0
63,531.1286622885067,1.5417779276919852,0
30,484.343263607479,1.0958145362287812,0
62,579.9398110619355,0.7226875447737967,0
76,395.0017963870709,0.41607951023602174,0
75,502.557734182472,0.24222443347673286,0
73,447.8834674256036,0.03273033454897027,0
40,522.9117143097258,0.048586366364934096,0
75,536.1035099653182,0.6451648753735479,0
57,455.4044336703003,0.35065326769425115,0
95,484.57137000218745,0.009770118849474643,0
65,447.6819733170425,1.9339939159115924,0
50,473.4724168400846,2.644647337018685,0
4,541.8522428904816,0.7243264667608674,0
65,535.6821637927483,0.19719209788641728,0
16,529.5423106359356,0.7039685658282144,0
5,568.2589604959483,1.469965874991571,0
46,476.4246483977544,2.275690436108663,0
86,504.4207371742981,0.4502832742531332,0
33,389.91374230175774,1.1012578700374152,0
93,482.9613612731109,0.9400220586836681,0
72,513.7262350658489,2.461308311769299,0
49,521.6008907295825,2.7913242971924466,0
93,471.7995679908579,1.0438080742984888,0
33,454.0156523948233,1.018221318484676,0
15,507.4880156953166,0.05680908074630434,0
45,531.7108090322178,1.1018126374558461,0
28,502.6938825399266,0.033339292257387215,0
66,488.0602027246064,1.3805290030392845,0
38,530.4167596908094,0.3232768676307542,0
80,601.6338205792279,0.8036753312894288,0
57,444.9671092171594,1.0962510955914668,0
56,537.4047139711954,1.7053514242843393,0
94,404.20901404995686,0.13793780989904939,0
88,504.7630841738646,0.3250936883692813,0
87,402.99273214135985,1.2106331911265582,0
13,370.3661353468585,1.5921001192600959,0
72,481.6252552603246,0.08492885726773174,0
82,573.3178577764871,3.1586002084897835,0
54,513.6834786393537,0.33242400942364275,0
11,391.80073713361713,0.05044931835404698,0
20,527.356818581068,2.906373301736681,0
40,476.44249522664836,0.6938128432486096,0
20,506.03460354132915,0.600400172231516,0
47,519.7118147868307,0.7822933979549476,0
74,1142.4209717125202,0.2070164395254869,1
97,1197.5947717409733,0.149661373343925,1
35,512.6019684304152,1.8830396699088292,0
17,596.2963430958843,0.8555636154874835,0
49,519.0175296025003,1.735567359837062,0
91,1282.656839128705,0.11127342086084396,1
83,518.5484840785044,0.023125081028843794,0
43,506.06386335499485,1.778599963623651,0
1,513.6419815586198,3.0082666680731895,0
53,446.52449881506334,0.42734268646912626,0
35,465.0799303495382,0.06426827980917235,0
79,479.7536890098987,0.7307745415995803,0
44,539.2866021342389,0.1272581157326834,0
82,544.8554326167995,0.06469664867559288,0
17,1179.1531343176594,0.09196701819974,1
56,473.31565991734493,3.2854672637940965,0
94,502.986446629838,0.6129581266542543,0
47,499.0762116610641,0.05878776001361091,0
20,1226.9527150942404,0.15428383980323646,1
48,506.5845713183981,0.7975767507764031,0
12,561.8447464836305,0.08923513884590069,0
49,530.2317011673831,2.413897747627437,0
70,457.94156315739247,0.23362348325069754,0
19,530.2762290849378,0.665890072082089,0
63,545.7453589750818,0.8506786826607684,0
11,463.0499143098715,0.1361206471195251,0
83,527.5729684190665,0.5373883040882373,0
74,451.2997936624911,1.57536583181604,0
37,515.4271660145351,0.5457946115790696,0
80,586.6393609008499,0.1167958959049388,0
66,551.0128726469876,0.27347520916569296,0
26,511.99150045677703,0.18678724749855974,0
65,570.9789174158896,0.2858918841263077,0
77,431.25803402992165,0.632112363429277,0
84,471.8443729761833,0.3183011369212238,0
72,449.83116965739424,1.1313350443032875,0
58,1184.3424173003086,0.052525704486904905,1
5,520.2286009449365,0.16402715860759984,0
90,559.3206905386588,0.9463818674081195,0
93,479.18723933234656,1.2872288708782955,0
38,541.410790186401,0.23811963791702048,0
86,494.09083022892366,1.686803790087749,0
31,525.0358753779519,1.0857924441834819,0
90,553.6035566364801,0.239457614206085,0
72,573.9477355782716,1.8204165459697952,0
25,501.3508436810188,3.023914902437952,0
76,459.63972740097046,1.4700534287465987,0
13,500.94615197124153,0.8659942600338405,0
14,471.9068244724072,0.757864374589593,0
53,538.0668433605034,1.7821340576443758,0
15,457.95401697428855,0.0021719580656954533,0
72,579.2494101318267,1.4307873197526066,0
35,489.9235410931965,1.2156152937348321,0
52,531.3014541524865,0.4502500892652657,0
10,1251.6315484714798,0.1094965287472898,1
72,436.1376512591987,2.351839262629013,0
90,395.7334062204759,0.4696862728617661,0
46,507.24805675435744,0.24646318352782737,0
30,538.8733141668129,0.2641696357600211,0
12,500.1195333407334,0.4012499816720366,0
56,573.7174666208684,0.5156037800292135,0
32,1173.0454418187405,0.0029875954450191353,1
25,1269.2622468047002,0.01713276201330406,1
79,557.7911315647794,1.3375123411646104,0
4,447.3937589643921,1.2788731851909885,0
66,482.8324060577674,0.01602038873130921,0
58,557.2378781447514,0.24534601504154818,0
29,466.3683763487139,0.18807286471364562,0
72,488.41237504841826,1.2762516238567634,0
51,531.710670814434,1.0770413653326614,0
86,1178.2921859295009,0.21482404676498015,1
54,460.7350295999784,0.2799459422256155,0
24,437.52176251501277,0.701992421549787,0
69,488.6173834757662,0.2056899757055095,0
3,486.58768438871635,1.5673123640669329,0
8,558.4626055169837,1.0405753581646267,0
14,546.3222795887702,0.409845684290883,0
4,524.1909806404373,1.874815852266927,0
23,517.5637061406483,0.27391311131472534,0
93,391.8403910915469,3.9276756732586886,0
74,438.5083187590289,0.23955482740650064,0
74,566.6005655397282,0.1134910259846052,0
21,519.4424590978796,0.3233623588098592,0
19,540.1868934953553,2.2410304912193655,0
29,466.27695304899794,0.9484663246343614,0
49,454.1992388245638,0.4397015306365071,0
45,585.5000165826898,0.7840542698555065,0
27,543.3046376895699,0.5236180631925156,0
71,1169.8869218264333,0.05051304641527177,1
35,527.6166543771047,0.6660460688283004,0
54,557.0155158923944,0.7380022895446117,0
17,556.6420333113697,0.966510715967713,0
30,479.1593363129898,0.6101435200960154,0
30,535.212399067938,0.27260350375662556,0
13,490.23419528962137,0.5604082311336308,0
86,512.3075713426944,0.21320084998331942,0
75,458.10833920304674,0.6478963728383653,0
89,535.5268480523177,1.6760360835924664,0
2,547.726498137787,0.16828511595662077,0
15,453.2123776372788,2.3255536763299602,0
41,535.2246207605931,1.4168850346040816,0
34,551.9695968068892,0.7245433827869426,0
92,479.7672988734815,0.17092793847811746,0
100,471.49059318824476,1.7984121197841776,0
63,526.0045741724763,0.9721987556649454,0
69,515.1458223190958,1.3233714199545619,0
26,493.13100071194356,0.09817227295442134,0
66,463.145435162265,2.6014073216523568,0
41,488.9211407080162,0.1172111072703372,0
80,462.297245491553,0.10936391781672075,0
41,333.7874265989381,0.8194827602612662,0
69,454.60459563482925,0.21513691747103356,0
98,477.91922704932585,0.4414832939011151,0
39,524.3559861875218,1.5069385957560382,0
98,513.598713143883,0.3726438987978058,0
26,554.0759996504145,0.08282744618229022,0
33,451.67361179826173,0.10138527821549242,0
71,468.1148020484063,0.7609159494854421,0
68,562.1011698425909,1.958327143308802,0
47,459.3218810491609,2.234010496011772,0
35,477.0088013692708,1.6950135191869706,0
75,498.9256812298306,0.18122216108326092,0
86,419.76565746753397,0.20761636790412288,0
65,498.3050993651448,1.1573518828105094,0
23,459.7581939764285,0.15637200687309594,0
59,535.6162080844923,0.31475749224599303,0
9,435.9627669517593,0.2022539656394034,0
71,405.3579611082995,0.18159540851394473,0
60,536.5665863634583,1.3978337312591644,0
78,491.864279659888,0.8159278267372917,0
29,556.8474211823545,0.21698634219078786,0
72,441.0012830774833,0.45894206304668234,0
7,461.52672823593514,0.6319603630574449,0
81,502.7711690389049,0.46072714698066686,0
51,528.0592495818479,0.8812093749701689,0
25,525.0634544399671,2.1704737564509635,0
13,546.5535944940716,1.7164087055487698,0
60,516.7081016537045,0.49417837597441905,0
61,527.462249703698,0.3412343108134262,0
60,404.7996595331341,0.1956225514233281,0
32,523.1119875699379,0.5294288662531355,0
83,428.0418088655283,1.3166941870826658,0
50,381.3071363171427,0.04700089003750562,0
84,538.9725967731395,0.4981644654255254,0
51,1216.691349462936,0.027735662308734362,1
66,492.9209544683707,0.16411979862081486,0
15,541.0664013718953,1.1391633229842224,0
51,482.3239075669172,0.34073591848982865,0
25,579.9471727598052,2.5255737689684046,0
40,454.6464858711603,0.6044641253610807,0
73,512.4637626273008,0.09646229020034872,0
90,596.6218632172842,2.7186048928273165,0
15,515.5928485181569,0.8721855220966378,0
19,571.7963818908725,1.1046543119652499,0
85,475.9148349684578,0.10352254446679493,0
72,558.6813346350384,0.15967126614882987,0
68,1182.9552224896047,0.016372066483344504,1
74,551.3199067039532,0.3606619640879478,0
72,519.7809256932816,1.7751930477996218,0
85,532.9017760434443,1.8700830608749919,0
81,554.6192657594227,0.9528324376109888,0
12,524.1250844403107,1.2913693072064147,0
40,480.71891013255987,4.169975222473931,0
17,575.6586989444656,1.2634270208199259,0
90,464.96860203306284,0.4334158318987022,0
49,606.8628065740295,0.878917268035316,0
94,553.0883030638385,2.070996968801448,0
23,534.3914095968565,1.8209230062709367,0
1,435.1345905168461,1.6076700602051042,0
84,404.7436650591736,1.8677684098455287,0
79,620.2821625744241,0.1854926730540457,0
40,1222.8273100637402,0.21879578117738185,1
56,604.6704003021498,1.2210548977545959,0
33,556.988315074681,0.2575963036249091,0
45,413.01852426060316,1.4887025167926775,0
39,398.1643027111619,0.0024108571026015277,0
68,549.1224919679146,1.9685025962741665,0
48,1298.633400358488,0.009303735387516115,1
37,568.8159933669322,0.920559966079286,0
83,1168.8353819324802,0.41309357068899255,1
33,403.4005124579833,1.6535756398384238,0
42,527.2763709087354,0.3750433057213477,0
50,603.7371983748861,0.36574367626728627,0
100,464.1818194072722,2.148707601670024,0
20,502.8291259841318,0.5486509859351076,0
36,504.7048346464903,0.1910669263962707,0
11,515.1928132341834,0.037027170135615496,0
87,437.8792913216019,0.3665331757751671,0
89,486.47529022776575,3.8045176670317957,0
86,536.5670374119778,1.0787281282560026,0
93,452.19168382668687,0.10448507998586644,0
93,509.0498450964949,2.3510295277403483,0
53,544.6064939760549,0.7143738453343983,0
76,485.8179284809969,0.061161592182446385,0
11,519.1497452290612,0.637977088564176,0
100,374.12477411063514,1.6915077095939597,0
71,477.3564131331958,0.10840451413785238,0
55,510.366976124508,0.906947566707006,0
45,463.70304138916265,0.5489750438705332,0
86,464.4836692627529,0.0015932188628348084,0
26,1097.5189423592271,0.015765568783900792,1
41,510.4979472985101,0.3892115417867909,0
4,553.6513969776116,0.6725905025019744,0
52,603.857771531278,4.280853573726248,0
56,495.43340834717736,1.1316615428149563,0
31,461.161529848599,1.1434500729202515,0
77,530.2891803495475,2.626937815195908,0
67,1182.12284142506,0.0306526024377976,1
3,500.4472323885766,0.5023400082707519,0
15,475.6036796947419,1.5381702979877114,0
3,535.7924986408763,2.488252435418478,0
53,603.02677474186,1.8132921180166728,0
59,520.970462642916,1.0585514050608285,0
13,418.1741800361035,0.9011209153504269,0
51,1135.235985268689,0.00959800616793341,1
99,545.6219833729167,0.05230863756388413,0
67,524.3671650828992,0.8616457147170884,0
58,1126.5590975254058,0.020933266670926688,1
90,508.22535395497397,1.9742315526873055,0
16,552.3020984120689,0.24801173872795787,0
92,479.7456087118325,0.9814627257995487,0
60,574.1487554449876,0.9305445378506205,0
83,547.7766487224933,1.1967554291592934,0
63,1219.0604302295635,0.20757612172852077,1
35,501.8688009053464,2.6716858975391897,0
18,494.4162075264026,0.9508092918808468,0
14,614.8030944643522,3.3819208636165556,0
46,516.4611815979813,0.4785054652048313,0
4,455.7295738865255,1.2422312720348965,0
44,572.8276023424232,0.04187596317262123,0
27,571.1273145123434,0.6741166747197271,0
66,1063.1520309462433,0.0008897663361765113,1
87,494.20220913631965,0.46709969788564304,0
66,501.67475366369194,0.4922878748037027,0
54,458.36931098173,0.0316845792486507,0
61,422.0739343231414,0.08822984556582195,0
59,436.0925564926041,0.31661058456731667,0
31,489.38230947316464,0.1830024843057223,0
84,1251.4191536329645,0.06594973532576769,1
22,533.4965070159357,0.6224362779960657,0
73,518.6884939750324,0.41818917803921635,0
9,470.1801136262581,3.4348636583017584,0
17,510.09151856135264,0.7789920898610508,0
90,515.5670914317337,0.5217447343072764,0
97,484.170563713613,2.6066652008886027,0
33,548.453864600202,1.8927905384254409,0
88,540.6186361945406,0.9160807940336597,0
34,507.68085950232256,0.28017130018724296,0
71,492.9509561679909,1.4088386288506929,0
96,567.6190919858716,2.086520450105369,0
4,1146.3207533768405,0.3566983784717215,1
84,472.59653901927555,0.2496500096237174,0
89,561.9703050510034,1.06605087348763,0
4,500.3483235382743,0.5079414211743609,0
60,514.6719654675998,0.9606173539438669,0
42,1151.0076239936525,0.025973063194554065,1
58,457.301121163568,1.7863696726060232,0
6,443.0248929787115,0.021726941455592817,0
9,547.119327583357,2.729119872264283,0
63,1109.757481834621,0.1580483770308569,1
5,463.7688209383302,0.6281006337912319,0
68,424.14557783338313,1.1280029989654163,0
94,462.449221667427,0.1189003751692889,0
19,462.46327890245783,0.31029616148133843,0
28,481.787570081482,0.35713331865455156,0
12,585.9232212452274,0.4702749673437456,0
90,579.0107322909663,0.37061401476634576,0
99,441.55647270375175,0.16955179689127886,0
98,1263.670507115085,0.004746139244947163,1
57,479.08260438809873,0.4670439605878809,0
67,522.4362856078803,0.19960895521893693,0
50,416.5325865117012,0.6631133171707946,0
7,491.11647566517564,0.08133446192039268,0
81,504.62256182915485,0.34815672941469683,0
7,479.3492717595162,0.06059925269869185,0
50,437.59646127725335,0.32854922750928856,0
100,1191.8388659201362,0.0009621675143355149,1
34,542.97174558438,1.937060603286138,0
5,450.44998944795145,0.0974266000806193,0
50,445.7694647027961,4.063221824138947,0
78,530.6301296722352,1.3434102734147126,0
51,1215.4636559152043,0.10665980323466151,1
85,545.4126605035332,1.4377065374121398,0
75,524.8777354292262,0.5627005673830233,0
3,557.7884032685364,1.350188279564882,0
75,530.0396324801508,0.005078272599697128,0
14,520.0173113378097,0.5055405188318634,0
91,551.3411350745666,0.572216124076361,0
41,432.1653368736861,0.20462281346869346,0
91,1175.1235077752362,0.22070042256762853,1
39,476.4242030661992,0.30724573560380836,0
61,562.3285092920291,1.3441579360190874,0
28,531.4508204818642,1.4211492765538174,0
48,494.7867832133206,0.5533329910335887,0
98,508.88305720690613,0.6192174067895285,0
14,550.4042943900429,0.3528540205752239,0
52,522.5289380719787,0.24269754588684936,0
12,450.38033746834117,0.833877037120841,0
92,489.1018745028584,1.7092201705279206,0
25,482.00703847855937,0.6389421046828841,0
11,520.4367927216708,1.2992432636691187,0
91,1227.6062113215692,0.08924833391636945,1
88,483.7329512785326,0.8493674561724176,0
26,450.38749607266374,1.101891252152671,0
59,463.1783653803003,0.5675030020887515,0
67,492.64807292588574,1.1040649608130466,0
78,1192.52032165432,0.17910495662824036,1
32,432.1959720023042,0.07226554832878028,0
94,1292.8011415624917,0.004886363483119489,1
69,377.8031533945163,1.37301532634509,0
81,559.8722753063697,1.9381530448203494,0
98,474.64471830536337,2.5068828729031534,0
87,1183.80526485957,0.08885586870890756,1
40,432.08490991375777,0.4104402637670813,0
17,559.6508215045191,0.052964628933823414,0
90,508.1073133970575,0.2674210400731311,0
43,559.6692076791823,3.2239764992793862,0
78,431.4424526143145,0.14954789305639712,0
84,1223.3746054505802,0.07129476647211334,1
17,507.7033766096583,4.694050821723136,0
18,507.53885913516746,1.0568917466458618,0
52,513.2394537082096,0.17795883283126254,0
31,482.1848186159456,0.6935704278224776,0
23,517.4171835924286,0.9334437246302598,0
73,418.64801675132105,0.8918484095811238,0
95,605.0532058278251,0.5043673819216923,0
44,465.766019110996,1.6043329002616893,0
18,1087.6085057473904,0.3243784557152955,1
47,555.2658403348706,0.8731601857556286,0
49,632.5096422204873,0.6037141172585836,0
15,1206.5220045541005,0.11776932432162988,1
56,401.4546674305972,0.7022563831750079,0
15,583.5422509115415,0.23062847153502655,0
43,441.54279475554404,0.28443778533841957,0
41,440.5579148781453,2.139429843350644,0
59,468.27404387104343,2.887034790832281,0
44,518.5732827450848,0.7097964031961953,0
52,551.3194519355546,1.7380587069837314,0
74,487.05194332781116,1.9429575182932957,0
79,484.5405613174886,1.3779474522843307,0
9,481.4027631612644,0.10331974604234832,0
7,567.795941345331,0.5584485043744327,0
40,447.2475775833366,0.5845610037810081,0
67,505.44978136062355,1.9610971003927933,0
66,514.2869428728266,0.11828424826016619,0
47,490.97249806526406,0.29542513484314653,0
98,515.7740545038482,0.3015686950466623,0
5,468.19890810982065,0.2612369590734526,0
98,477.25542316500633,0.5923277112708788,0
27,493.59292648609335,3.226571023705915,0
14,465.67312472243515,0.44126046128560914,0
58,527.7494550051523,0.3180238347037545,0
65,476.4712608458125,1.338206135073779,0
93,516.7588149739378,2.9352561600129015,0
22,523.1830530315946,0.3443613026708613,0
53,531.2371001223546,2.418005293192137,0
67,502.45884877116515,0.17175742412676073,0
14,522.9357462916495,2.335310397020884,0
75,459.9754488735269,0.2687556631103573,0
57,418.8891563131691,0.6421156897906496,0
32,555.2269219884719,2.01874113773025,0
79,540.2582475692546,0.6046885812570922,0
12,543.0766786832982,0.286016061772373,0
84,501.7413291372274,0.04635363335263574,0
96,436.53486890573265,1.7141561227823583,0
92,533.83370831772,0.6494199883380289,0
24,468.68702464537444,1.743571271162203,0
19,1152.8232622236646,0.16011718135849007,1
78,448.5668576287812,0.39972946559540096,0
51,468.19304227846976,2.5543885791695558,0
98,512.1280656504239,1.71084134114119,0
57,1223.7272101583835,0.3392197352514754,1
87,491.53440992214536,1.4252661921696348,0
53,565.9444669919551,2.333206594303907,0
32,586.1646120941438,0.7115931863420516,0
36,488.2764095930875,2.38188446105351,0
39,490.11853303161377,0.5191352343837974,0
77,1108.296843367262,0.1928583398633431,1
52,478.1298470245451,0.08563747203187183,0
80,545.9886425539227,1.6389190810242416,0
66,414.2600755444867,0.12302488589728817,0
64,438.0486867061374,0.2974740022016955,0
25,512.1278667539442,0.6316174031292944,0
47,480.9151659659559,2.588178459350457,0
47,509.8262985803806,0.32578815230749036,0
87,487.53232358746556,0.16572637216623232,0
97,438.23348930236733,0.8105039307202492,0
72,1228.7406352318035,0.023889301318446174,1
89,466.36680855979307,0.45436467576654116,0
94,523.305045669258,0.08489384842634029,0
67,554.6773853091985,0.35434557169781894,0
11,503.5659623118485,1.538335444822641,0
40,353.45831771501383,2.3991745396197275,0
25,528.332694874094,0.6075519962101914,0
22,491.3792649536875,0.8860664455830208,0
94,553.4394026990412,0.06574858480960381,0
74,448.1832460264213,0.41648892184112674,0
83,578.036481007092,2.825785236578144,0
80,483.47020214714587,0.35308646563235274,0
100,1284.6718209686503,0.0560844166120851,1
56,508.91418244229476,0.7622307589396138,0
87,1203.9000979668363,0.0059812453695910345,1
5,1199.7285731108925,0.003993949519327821,1
63,495.3689805187539,0.20485671475647443,0
95,422.39951523083,0.21903324553025616,0
31,467.67089531930486,1.0508229799472288,0
62,523.0315644822605,2.0481738459384142,0
38,490.3121300139469,0.8132910996309065,0
12,419.1656740783782,1.0300136473871715,0
54,570.2239000543925,1.870964862464588,0
4,514.3982718571569,2.173721215470319,0
45,485.02639592724654,0.36628269977368755,0
25,434.61334389496034,3.9541202913737252,0
49,453.83871411833906,0.588556321758719,0
35,487.1412305888512,0.10604062922621867,0
37,423.4634025492339,0.4431060581821745,0
17,475.3864423000384,1.0126913189889493,0
62,377.94622854102795,0.13061094263798304,0
99,490.6662441173037,1.3770266001623073,0
21,463.0279546775948,0.2136494844810574,0
22,541.8298696729307,4.44220406427181,0
79,517.8450593521584,1.6987954356806805,0
28,486.004229326385,0.8771642203545402,0
25,547.813771855875,0.13426584026827387,0
44,523.4466754758048,0.7839718134172429,0
30,444.18597077713713,0.797957063078259,0
95,542.6120786890219,0.06418833349734582,0
47,504.6761343623244,0.45304574975839557,0
71,444.55022377491304,0.47137971334909506,0
37,463.69899890987807,0.6223069281794021,0
83,455.19226648374456,1.433715153878519,0
79,539.142176216782,1.4976428582143868,0
14,471.98241741642556,0.3086927451547067,0
43,571.9670795710434,0.1051549328295981,0
53,547.8318270199914,0.9902227372552563,0
98,570.8425320277413,0.032753180886915464,0
94,544.0423571105025,0.08243530153540009,0
97,504.4810005999372,1.7667719480444855,0
26,440.3583574596876,0.3499042747371707,0
77,1247.5050270161832,0.004247358553357219,1
59,398.3268108259051,1.0624743212474947,0
40,545.039094061579,2.106068844391466,0
87,522.3911085526316,1.2114731698046615,0
69,507.99789607319207,0.5050329193688484,0
69,524.5923782641427,0.09453823548465373,0
36,402.2853454773736,0.14778822700686522,0
91,443.2714116971913,0.23408001265877773,0
96,463.6088109230835,0.24117649177384712,0
36,494.66296278501386,0.16794681597286273,0
62,510.38453868201634,1.3275315514451707,0
51,459.5477134477047,4.274633404325044,0
28,1226.9089670216592,0.04918780967461481,1
25,1202.6650014915713,0.1360314595276567,1
49,568.9752892668283,0.40757128787247215,0
13,563.8823279282292,0.29704226943047324,0
61,430.66852018635063,0.1298746685545072,0
75,464.29389808764506,0.95278829110308,0
54,540.2651695084122,0.10060212043254183,0
92,530.291896850683,0.4919650768346335,0
51,1105.2096103231272,0.02330284276939764,1
27,449.1398668320507,0.8587987016096761,0
90,459.05747516580493,0.5595881040184977,0
55,1146.1187846582384,0.16373165274248336,1
18,506.339082224416,1.8682450147475775,0
62,473.9284529516059,0.2642648272667943,0
76,469.84750328247816,0.4268306394222646,0
41,499.12310875586417,1.1719970396143422,0
50,1223.0061165797183,0.020535040795355314,1
54,422.4920870447818,0.4300465389241612,0
29,498.07001303954564,0.5761894144754179,0
81,383.02233414238236,0.16979148052240917,0
5,517.6745817204737,0.794909925706522,0
79,533.7326644320744,0.41545456166844,0
4,501.77646946639976,0.28696235935727904,0
89,430.22870150688584,0.40932715850243323,0
49,439.2389621083506,0.8499918615155514,0
66,426.8797729978025,2.0109250147132136,0
35,522.5831156239971,1.0146125794629546,0
42,538.0022778274741,0.6528920940526077,0
87,525.2121903218739,1.444933232568805,0
49,536.5441035753099,0.02236132838227669,0
33,498.4434389292317,0.6520496062844606,0
100,469.4461152231178,0.6240092282734263,0
40,543.0708330382419,1.1119864963026664,0
21,438.2379173886443,1.1521950941076295,0
25,437.1081016290573,2.880934797311862,0
25,484.3582832425699,0.4758180752082259,0
57,497.8595676986375,1.0784742054092855,0
31,494.1046455690419,1.05875132063876,0
52,584.1668132253191,2.504067467655828,0
59,526.8062725538297,0.8667879581653378,0
99,441.49679811512163,2.374762010122267,0
2,460.9860612559148,0.8385820595640007,0
8,600.5342435083635,0.24881014043046257,0
53,1253.5516519686005,0.011833621395140907,1
4,526.2025527692132,0.6149581375428855,0
44,551.3570283768083,4.830645761460222,0
62,575.6904108937699,1.2962312754463183,0
95,540.5214948712016,2.2569735598241065,0
6,473.70596655954165,0.5355842278488592,0
64,510.0452176300826,0.6449695371680679,0
70,557.4681175506759,0.019052850105294335,0
43,548.3664126271177,0.2347016994414736,0
35,515.2715757066635,0.041916959374897006,0
98,523.6539656751221,6.217362359434489,0
70,567.7621224086184,0.5191904341897967,0
12,1127.697487461196,0.005766333152544482,1
68,476.1537069154477,1.3689747008806255,0
87,489.4521979558083,2.046595555156761,0
50,426.21397392505406,5.549756059621368,0
72,500.668821748405,0.5094556430380099,0
57,524.3266862666813,0.0907648027076013,0
27,1234.7210766615167,0.06544665332703468,1
22,542.0438972419529,2.340348278022738,0
64,488.88359258249443,0.45728727695429144,0
50,409.0596895353658,1.0771818578712073,0
95,528.567209415367,0.38046045037713744,0
76,480.6377908248427,2.8243470142587737,0
5,571.9072078248661,1.0967426901135826,0
80,428.2744395061163,0.5272415982208222,0
92,503.70176365045063,0.7442487647835024,0
34,466.0987002781231,0.29609292954475336,0
78,449.7217847169123,0.3301274607152445,0
98,510.84892162433965,0.562239213288954,0
29,509.81267521914316,0.43852433985760897,0
33,467.22116470711194,0.711215399525842,0
33,442.49356877537457,4.181996474242287,0
11,517.2152387292032,0.7391561394095123,0
26,1172.6307959652313,0.18928822450351745,1
70,503.71315799527343,1.4855171997611305,0
75,390.3593561502603,2.8195854426261846,0
12,500.56726896187416,0.23049359263209473,0
67,513.0524363863428,0.21366670349447417,0
26,426.1507237754308,1.0785226639000478,0
16,525.938375643349,1.7220532253378387,0
69,525.3757712269091,0.5307219484734395,0
95,505.9845421889392,1.6657500213566145,0
41,518.2223887769333,1.1100773794190293,0
74,440.06595745891116,0.5265225151011809,0
64,550.8084452069595,0.5635787771873874,0
35,467.8595056323593,0.8039310807385041,0
61,528.3802610542326,1.0993752659666156,0
74,408.8568989489786,0.3044841169859731,0
73,426.0389857176437,0.5200533497868147,0
1,583.7360250010349,0.20424568852249791,0
22,1235.5679162869783,0.0005247244586200407,1
11,535.1505344449969,0.5127683930014921,0
9,511.9815228381025,1.663239350503759,0
25,412.26031423027007,1.1343204205535622,0
65,407.67714088461025,1.4273684645391764,0
75,526.6348902295603,0.011407969430144696,0
74,412.64765636444196,4.861889474899547,0
76,487.1906075659819,0.8865713957744286,0
14,535.8506720780044,0.040091192869191716,0
55,457.1245098365489,0.24964394318378846,0
93,486.11551392082634,0.7575111449601936,0
77,1238.9012626981012,0.1233119906244698,1
25,1182.3418179853247,0.04084511725516578,1
47,492.054983435612,2.784369477929748,0
11,502.8120287511436,0.6429778333644003,0
80,466.51193169899113,0.4690102364014692,0
57,586.123958736318,0.13274280284434764,0
39,494.3223455456375,0.9838851253999532,0
42,550.2015489186737,1.6539172701453178,0
19,542.8829588522226,3.6984236470087906,0
65,538.5934476065052,1.520642181597477,0
25,538.2404436911689,1.9519221741554111,0
28,448.2945401064991,0.2338947699867458,0
1,469.7167745399665,1.2573162500703725,0
65,484.4637935680995,0.10320038899681075,0
79,526.0806077249299,0.896225526877256,0
56,1094.4234230431653,0.05046031925889655,1
57,1218.0748961145098,0.012617386144934484,1
94,560.5177936888747,4.024589295114173,0
37,1198.258617186649,0.10205133940626898,1
69,439.59720300952733,1.299601637103312,0
1,610.0931380950025,0.23854571448572834,0
95,540.2710316111785,0.9976049420994255,0
90,579.3550282462834,0.5393663867527327,0
12,435.52483893118523,4.9988980293177585,0
20,480.0079224356906,0.8772423557948077,0
60,518.059575843873,0.5307791528794028,0
33,570.7647080401994,0.26108584396278445,0
53,457.3738789822918,2.004308325488545,0
70,457.9725478066433,0.604153181542969,0
43,392.4919532907659,0.1400563660066643,0
77,375.39199251853984,0.1796767270382092,0
91,410.25022937497613,0.3332410433922693,0
44,484.7902251088327,3.6289628863665846,0
32,460.06456270358467,0.45615377383750483,0
33,603.4728994896631,0.18951989010280926,0
88,502.0813281700678,0.927014793207313,0
73,551.8459145228974,1.4052103242192284,0
3,481.2374333575581,0.14513291029975492,0
52,519.6057006656362,1.0727521211404893,0
97,572.5619880072459,0.8368504485253495,0
1,590.080751773514,1.5863088736141877,0
78,388.4763706811054,1.720905139264214,0
53,514.698260532038,1.8944065311388543,0
59,420.286664679189,0.8487241846377913,0
4,488.1235797716409,0.2221141903135623,0
4,465.5312726542187,0.6074063337808224,0
74,498.9157999654907,2.095613195718921,0
97,563.9158271184646,2.2375589725773906,0
14,526.132436059614,4.731412888124764,0
55,489.2934378917365,0.677303528725489,0
79,451.61345477130124,0.013506930955327786,0
76,584.835044536461,1.7195583298040125,0
63,437.0587996576568,0.4995758904709293,0
42,567.179843058861,0.08732749589138296,0
16,413.1278888632278,0.6830023946349113,0
29,499.58597490308216,0.12646400749455128,0
87,477.73475708965304,0.7454979029127417,0
45,469.34198107147415,0.015375704040157888,0
57,399.531537792308,0.06185850433048238,0
22,401.8634840964827,1.1093358914409504,0
20,1276.3817759665371,0.03233053619737753,1
76,442.2010085339276,0.6771850032396562,0
55,469.61703262382053,0.046588033527277715,0
45,567.847339803958,0.5774656370276833,0
23,1217.8678578857482,0.08846343127169154,1
66,442.014700356399,0.5007733625113021,0
8,479.2114128321687,0.3646339627499702,0
99,487.2553573300096,0.6420128841582691,0
63,504.8319869952269,0.6642158567289769,0
51,537.0933881355428,0.0072870683218460046,0
26,563.5267817361156,1.618540004777433,0
12,483.83985442021134,0.14561214375382905,0
30,467.6668422279386,0.08657425157533345,0
66,477.99413882691397,0.21101607522116267,0
63,1235.3012159272014,0.11606179277539959,1
44,505.6658219745602,3.108036963828845,0
51,420.64199033821274,0.1827049045866089,0
61,1049.127060708869,0.04263533755331588,1
62,482.89116156325133,1.6652090955494325,0
75,423.537282998327,0.725733275313581,0
94,500.68481259631557,0.23044738059608172,0
83,469.57246925875586,2.2689809005378883,0
54,430.07398946025455,3.220340018483301,0
26,522.2499860244545,0.2329931781251265,0
57,519.310067688617,0.3853555466245363,0
25,495.6919265376129,0.04100785602754504,0
80,405.0173918743664,1.0406543372717236,0
88,574.9371673577654,1.3457625583984614,0
12,472.15476248506997,0.5325396004961808,0
64,521.4032821969813,1.47520822806517,0
48,1245.2349711914926,0.0466505751596564,1
96,469.7644017009278,0.45189538882635616,0
75,435.3161649722058,0.3001674855785513,0
95,461.7163854244945,1.2233316483027523,0
43,508.7948830744147,0.5878565346098019,0
3,500.0171752319393,0.13745561814367718,0
73,479.5568069180489,0.038925048371576614,0
14,458.72990080890145,0.3235797099326446,0
51,515.3261181481358,2.783004591819394,0
14,541.6919795296964,0.28000175057916865,0
33,548.0948392511135,0.4211285292164772,0
51,518.7948151644753,1.4851085946137896,0
38,558.4196688624062,1.2736360999933685,0
44,537.7935498149734,0.4374343012926481,0
74,1212.072663728548,0.04406939020721576,1
50,499.8603352980096,0.25514895800227383,0
14,521.1345492337587,0.7274116293782188,0
11,442.6536865747361,1.3190336891915504,0
97,484.168838797736,0.23110428154335858,0
92,531.0605102515137,1.6788360996558964,0
81,532.9599895523899,0.9216208053479483,0
38,475.920015034136,0.30223546426268444,0
76,518.3128182880654,0.07516083661278074,0
49,493.26880477483434,0.6144589313206287,0
46,514.6561535324846,1.6887305543299658,0
9,499.5353586555152,0.8014812580353367,0
100,1205.0387429404536,0.01622855572712661,1
2,524.4581904859965,0.31507327839140625,0
39,509.0207308749442,0.010421427137506148,0
100,493.9046564771152,2.862471991518046,0
16,457.9930531126345,0.08385715871482466,0
100,527.6754732824974,0.013593834351904059,0
6,1173.9525619280646,0.10695547337021133,1
63,463.21160103388075,0.46644140658615507,0
26,1269.8076733533333,0.06579289103933074,1
62,549.740596491933,0.15422381140992394,0
92,443.58441833671316,0.1090058785748133,0
72,489.8367475804836,0.13102702346931544,0
60,589.1165970667682,0.21329475302401343,0
77,556.7791792142407,1.9196084152702086,0
38,478.0040519656434,0.5971294205173486,0
64,507.43645748156365,0.041648907245395765,0
42,452.5674128355598,2.212595437689814,0
63,413.89180787985606,0.6846274457037913,0
53,537.470762626425,0.23334064442668578,0
100,509.60904049144125,0.2935275446156005,0
70,547.9566977507183,1.3285088612861269,0
3,520.6643371332722,2.0474821872795226,0
63,439.63142669009824,0.08222328044127344,0
44,517.01600012947,2.4568967537005157,0
17,427.2469210340875,1.178293721773944,0
75,481.5495214712378,1.4774242641337187,0
94,471.974689616421,0.19168764690460036,0
26,431.1027744136206,0.8147204015928357,0
56,573.8384631229749,1.172519459722528,0
75,518.6943267020887,4.00476249375576,0
20,528.4742853871047,0.7123153024348196,0
6,557.5977761925978,1.2163445883877144,0
30,494.70130887319044,2.5846822562704106,0
37,500.3948596996037,0.14709516442845064,0
36,467.5874800954067,1.569529953902117,0
91,575.8007046483435,2.076423828851043,0
68,556.0804986072352,2.6287895430972177,0
14,453.0186821735161,0.3844020242992552,0
52,483.16691636394785,1.8340003139210057,0
50,469.07874018374355,0.013698051597731388,0
71,505.4767156259879,1.1271782167896334,0
54,541.796421178555,0.04816666171956663,0
85,560.0906483746735,1.2375081138121977,0
79,527.4656930016765,0.21501937813712427,0
66,478.9410906256937,2.1730083695504328,0
58,487.8987991619306,0.09875451313680651,0
59,498.113019016723,0.21014644707419325,0
91,493.2055100885216,0.6910099947428879,0
68,403.882460251586,1.825019272489821,0
19,1269.8713668924493,0.25188936556778757,1
38,508.5304899079546,1.1300020878202277,0
34,468.1362845792063,0.12122154438377775,0
26,475.88639254768475,0.34286542465843617,0
15,473.20405497384377,0.7805482219143394,0
81,381.8405227070116,1.7133590180445408,0
91,499.81211745539457,0.17955338189469008,0
73,534.2193777911067,0.058089110339377886,0
20,457.5434154027284,0.3706737834297673,0
17,494.6146369803378,1.208347395972449,0
75,522.7233526592865,0.7274111723208693,0
13,1166.4421809813775,0.07177431079498472,1
36,483.48461675740043,0.07864711895221298,0
31,1160.2719338300294,0.010723213930911173,1
81,518.867200509216,0.6229585073952832,0
77,447.71011415486913,1.6553259326346397,0
11,1242.5795024147615,0.2543257203313349,1
32,448.84352454562526,0.8127540355564344,0
84,538.1692309942107,0.3244820964306265,0
61,590.3007567046532,2.0909347652159163,0
58,426.2964479018372,0.4572467150204805,0
69,450.61011021733805,0.11166331168736991,0
23,532.1027042745241,0.819187864431655,0
3,561.7952718226176,1.5598529258928195,0
57,596.9887296226784,0.4144218060494771,0
100,430.4505153442975,0.3853449949670856,0
53,1237.2648135041086,0.02779321032096035,1
41,494.6521462124719,0.7345635368517194,0
45,472.742541409798,1.9547508072949857,0
13,519.780717491089,4.214264638490816,0
75,1216.0449042688301,0.05755869763046049,1
55,557.0825721709048,1.1778354247577847,0
66,557.8664413268352,1.2621276645466035,0
58,406.941616776853,0.974702410255928,0
1,575.834025112105,0.058368649855200086,0
22,480.2166238927996,0.488302312064118,0
54,495.752025562158,0.15563631991158924,0
56,512.9415237088467,0.49895505562927217,0
6,534.7720998490481,0.08587358852679722,0
5,547.5114621500784,0.12900291756774238,0
74,566.9868110038211,1.782940349260677,0
93,453.40813968683915,1.6246848634825866,0
9,476.51058563103703,0.431049269099474,0
78,430.79184504234166,0.6955435081081784,0
3,472.0474219805636,0.3068652855894547,0
31,409.2220475179556,0.9747264769068185,0
61,1186.7931734916694,0.06939270565554136,1
13,485.20916791656634,0.778577844908076,0
48,511.5208697225073,1.157183395006318,0
45,533.6459447879683,2.7998232205784315,0
15,619.0351120693776,1.9249394060388394,0
49,517.332644648937,0.2661604021713252,0
2,519.9712641863744,0.8229366371868071,0
90,1190.8495852387746,0.12331273427800493,1
11,467.9407834958978,0.5245324800530711,0
9,549.727337269076,1.3275232999055304,0
34,590.3267205256847,0.49642842298889867,0
100,454.46954513653,2.704100044701372,0
68,478.3697767197199,0.09263901935449512,0
47,1142.362302146293,0.1419608151704661,1
70,564.4299138124319,0.0989378397135512,0
55,569.4539649746289,1.3049822038466083,0
5,529.4993271188376,0.13928214603629685,0
27,530.6864878827591,0.13895651940822373,0
46,542.8969015047542,0.8518511140039968,0
89,507.4502244189089,0.736625591830683,0
29,1242.1858910818876,0.06751303812386351,1
36,502.0349783094475,0.04001910423347279,0
69,1190.7791581239567,0.032381605772763986,1
85,528.8174058029159,0.918865235693721,0
79,511.690697099953,0.5026009640462823,0
14,462.8958913604712,0.40564326244594207,0
16,526.6108561421726,3.4621234650036112,0
88,503.2561511251717,0.5419101187916798,0
25,472.17570552743797,3.221896534615,0
35,483.40364899300835,2.8044506054291625,0
10,492.2687038109921,2.7198587420540044,0
47,447.4235737849964,0.37498897212699245,0
16,503.08052204562483,1.9186398796224824,0
88,459.06646004431394,1.3439272589390596,0
85,492.8833152005086,1.9486343978297525,0
5,575.4310050174417,0.3706690533348945,0
12,444.6783424909906,0.448113097922018,0
80,555.8758285061249,0.34925255087175544,0
60,405.4871139732081,1.4115609972054015,0
42,508.3419090572007,0.2571365664544245,0
93,491.09846156033495,0.8735102860038265,0
80,493.48842507416515,1.2218113195069464,0
4,448.0969952394913,1.990752269268851,0
87,542.9369394577243,1.9122509380739876,0
27,523.1248868845415,0.36460669771852666,0
44,504.85489341131597,1.0802755750335873,0
60,556.7815495126584,0.16483982485264975,0
25,523.331140414341,0.28235347463988647,0
52,1170.6061501478555,0.015068826789514182,1
40,516.0284745532775,0.2239946550191687,0
56,556.2568325748508,1.504119964583917,0
97,413.17494829073394,1.2257301700301115,0
72,565.5464343333392,4.15555226808221,0
36,422.0082045740012,0.15350121641781295,0
68,519.9713852192853,0.5804148791663878,0
44,528.6659935850586,0.5111808956132475,0
68,390.3855302687435,0.5675596132971085,0
59,462.67789594322255,0.713517911705564,0
34,491.18323990182967,0.11930811896845872,0
71,522.2218595015605,0.6009022100133741,0
71,471.72559649444753,0.00753359056090284,0
23,437.77072393884197,0.8824749576459558,0
39,493.75996677164784,0.7037296851831389,0
19,1143.8433202032454,0.05730855205033787,1
100,438.9366122198135,0.25448668335261443,0
46,447.68990649240243,0.5610265199579554,0
90,591.8713861953311,1.0695919399287144,0
79,513.5892218229163,0.28147513594925305,0
94,1268.848334099588,0.21962318094467084,1
15,485.3951711741248,0.9808477348817357,0
16,470.00677103916587,1.002498268584254,0
32,482.2388390310531,1.5456783005879988,0
96,492.3868875752335,3.0158030110097314,0
40,461.4130247312027,0.6300232180243046,0
22,488.55104708041745,1.0036903238126664,0
85,519.3297286431043,0.24627054216210817,0
14,547.0943060191147,0.23986435495282507,0
69,439.79989133505893,1.0191728570704683,0
14,428.96733825796133,3.9269558872587327,0
90,533.5859489740895,0.228257404395662,0
6,528.8887597342962,0.10367273716248593,0
36,500.60939632161273,0.016364153119191514,0
27,495.26874294592795,2.0369040844681088,0
56,1203.2353107126153,0.32069744895922003,1
54,496.4219731451352,0.23031703708351,0
68,537.3481456382782,1.1865412589883961,0
91,523.6350929881694,0.56630950594503,0
30,543.1203682737884,0.1553354683690726,0
46,1237.0989363986926,0.19993436164070805,1
55,469.0193283427997,0.6421856306979291,0
57,462.9444564954732,2.231266704850763,0
48,492.00504659663324,3.0973599118566955,0
72,591.0098215543363,0.023012413186951585,0
73,481.4855312116243,2.2951345659065336,0
91,518.9173029852017,0.3684074609323726,0
6,505.85506074216937,1.7347296699601409,0
86,1171.4485066408706,0.04680340625218694,1
58,495.9614094746945,0.7051303120177759,0
11,1073.4272140272562,0.1415241938376924,1
29,437.5627782978109,2.8505022882478834,0
32,456.03254759529784,2.0865379341264947,0
7,462.4493054198426,0.21068044078071513,0
14,446.16303582234883,0.018171683167953458,0
87,525.4238050048838,1.9218938737438576,0
